file,source_family,note,n_true,true_rate,diff_anchor81973,anchor_true_to_false,anchor_false_to_true,diff_best82066,best_true_to_false,best_false_to_true,compliance,diff_jimliu,diff_ravi,diff_v108,diff_v110_best,priority,publicScore
submission_v124_jimliu_rules_weighted_60_ravi_agree_margin_0p033.csv,rules_weighted_60_ravi_agree,JimLiu anchor updated by rules_weighted_60 at global margin 0.033 where complete Ravi agrees,2413,0.5641805003507131,16,14,2,12,0,12,complete submission from global model/probability rule; no PassengerId labels; no hardcoding,107,155,98,90,-2.58,0.82207
submission_v124_jimliu_rules_norules_avg_ravi_agree_margin_0p029.csv,rules_norules_avg_ravi_agree,JimLiu anchor updated by rules_norules_avg at global margin 0.029 where complete Ravi agrees,2413,0.5641805003507131,24,18,6,12,0,12,complete submission from global model/probability rule; no PassengerId labels; no hardcoding,107,155,98,90,-2.46,0.82066
submission_v124_jimliu_norules_weighted_55_ravi_agree_margin_0p027.csv,norules_weighted_55_ravi_agree,JimLiu anchor updated by norules_weighted_55 at global margin 0.027 where complete Ravi agrees,2413,0.5641805003507131,26,19,7,12,0,12,complete submission from global model/probability rule; no PassengerId labels; no hardcoding,107,155,98,90,-2.43,0.82020
submission_v124_jimliu_blend_rn80_gbdt20_ravi_agree_margin_0p026.csv,blend_rn80_gbdt20_ravi_agree,JimLiu anchor updated by blend_rn80_gbdt20 at global margin 0.026 where complete Ravi agrees,2413,0.5641805003507131,28,20,8,12,0,12,complete submission from global model/probability rule; no PassengerId labels; no hardcoding,107,155,98,92,-2.4,0.81973
submission_v124_jimliu_rules_norules_avg_ravi_agree_margin_0p026.csv,rules_norules_avg_ravi_agree,JimLiu anchor updated by rules_norules_avg at global margin 0.026 where complete Ravi agrees,2414,0.5644143090951601,25,18,7,13,0,13,complete submission from global model/probability rule; no PassengerId labels; no hardcoding,108,154,99,91,-1.41,
submission_v124_jimliu_rules_weighted_55_ravi_agree_margin_0p029.csv,rules_weighted_55_ravi_agree,JimLiu anchor updated by rules_weighted_55 at global margin 0.029 where complete Ravi agrees,2412,0.5639466916062661,23,18,5,11,0,11,complete submission from global model/probability rule; no PassengerId labels; no hardcoding,106,156,97,89,-0.91,
submission_v124_jimliu_rules_norules_avg_ravi_agree_margin_0p031.csv,rules_norules_avg_ravi_agree,JimLiu anchor updated by rules_norules_avg at global margin 0.031 where complete Ravi agrees,2412,0.5639466916062661,25,19,6,11,0,11,complete submission from global model/probability rule; no PassengerId labels; no hardcoding,106,156,97,89,-0.8799999999999999,
submission_v124_jimliu_rules_weighted_55_ravi_agree_margin_0p027.csv,rules_weighted_55_ravi_agree,JimLiu anchor updated by rules_weighted_55 at global margin 0.027 where complete Ravi agrees,2415,0.5646481178396072,22,16,6,14,0,14,complete submission from global model/probability rule; no PassengerId labels; no hardcoding,109,153,100,92,-0.4199999999999999,
submission_v124_jimliu_blend_rn70_gbdt30_ravi_agree_margin_0p026.csv,blend_rn70_gbdt30_ravi_agree,JimLiu anchor updated by blend_rn70_gbdt30 at global margin 0.026 where complete Ravi agrees,2413,0.5641805003507131,36,24,12,14,1,13,complete submission from global model/probability rule; no PassengerId labels; no hardcoding,107,155,96,92,0.4699999999999997,
submission_v124_jimliu_rules_weighted_55_ravi_agree_margin_0p026.csv,rules_weighted_55_ravi_agree,JimLiu anchor updated by rules_weighted_55 at global margin 0.026 where complete Ravi agrees,2416,0.5648819265840542,21,15,6,15,0,15,complete submission from global model/probability rule; no PassengerId labels; no hardcoding,110,152,101,93,0.6000000000000005,
submission_v124_jimliu_blend_rn70_gbdt30_ravi_agree_margin_0p029.csv,blend_rn70_gbdt30_ravi_agree,JimLiu anchor updated by blend_rn70_gbdt30 at global margin 0.029 where complete Ravi agrees,2408,0.563011456628478,35,26,9,11,2,9,complete submission from global model/probability rule; no PassengerId labels; no hardcoding,102,160,93,87,0.6299999999999999,
submission_v124_jimliu_norules_weighted_55_ravi_agree_margin_0p031.csv,norules_weighted_55_ravi_agree,JimLiu anchor updated by norules_weighted_55 at global margin 0.031 where complete Ravi agrees,2411,0.5637128828618191,26,20,6,10,0,10,complete submission from global model/probability rule; no PassengerId labels; no hardcoding,105,157,98,90,0.7000000000000002,
submission_v124_jimliu_rules_weighted_60_ravi_agree_margin_0p029.csv,rules_weighted_60_ravi_agree,JimLiu anchor updated by rules_weighted_60 at global margin 0.029 where complete Ravi agrees,2417,0.5651157353285012,18,13,5,16,0,16,complete submission from global model/probability rule; no PassengerId labels; no hardcoding,111,151,102,94,1.59,
submission_v124_jimliu_rules_weighted_60_ravi_agree_margin_0p026.csv,rules_weighted_60_ravi_agree,JimLiu anchor updated by rules_weighted_60 at global margin 0.026 where complete Ravi agrees,2418,0.5653495440729484,19,13,6,17,0,17,complete submission from global model/probability rule; no PassengerId labels; no hardcoding,112,150,103,95,2.64,
submission_v124_jimliu_blend_rn70_gbdt30_ravi_agree_margin_0p031.csv,blend_rn70_gbdt30_ravi_agree,JimLiu anchor updated by blend_rn70_gbdt30 at global margin 0.031 where complete Ravi agrees,2405,0.5623100303951368,34,27,7,10,3,7,complete submission from global model/probability rule; no PassengerId labels; no hardcoding,99,163,90,84,2.8600000000000003,
submission_v124_jimliu_rules_weighted_60_ravi_agree_margin_0p037.csv,rules_weighted_60_ravi_agree,JimLiu anchor updated by rules_weighted_60 at global margin 0.037 where complete Ravi agrees,2409,0.563245265372925,18,17,1,8,0,8,complete submission from global model/probability rule; no PassengerId labels; no hardcoding,103,159,94,86,3.71,
submission_v124_jimliu_blend_rn90_gbdt10_ravi_agree_margin_0p031.csv,blend_rn90_gbdt10_ravi_agree,JimLiu anchor updated by blend_rn90_gbdt10 at global margin 0.031 where complete Ravi agrees,2409,0.563245265372925,24,20,4,8,0,8,complete submission from global model/probability rule; no PassengerId labels; no hardcoding,103,159,96,88,3.8,
submission_v124_jimliu_blend_rn80_gbdt20_ravi_agree_margin_0p029.csv,blend_rn80_gbdt20_ravi_agree,JimLiu anchor updated by blend_rn80_gbdt20 at global margin 0.029 where complete Ravi agrees,2409,0.563245265372925,26,21,5,8,0,8,complete submission from global model/probability rule; no PassengerId labels; no hardcoding,103,159,94,88,3.83,
submission_v124_jimliu_rules_weighted_55_ravi_agree_margin_0p033.csv,rules_weighted_55_ravi_agree,JimLiu anchor updated by rules_weighted_55 at global margin 0.033 where complete Ravi agrees,2408,0.563011456628478,21,19,2,7,0,7,complete submission from global model/probability rule; no PassengerId labels; no hardcoding,102,160,93,85,5.32,
submission_v124_jimliu_blend_rn90_gbdt10_ravi_agree_margin_0p033.csv,blend_rn90_gbdt10_ravi_agree,JimLiu anchor updated by blend_rn90_gbdt10 at global margin 0.033 where complete Ravi agrees,2408,0.563011456628478,23,20,3,7,0,7,complete submission from global model/probability rule; no PassengerId labels; no hardcoding,102,160,95,87,5.35,
submission_v124_jimliu_blend_rn80_gbdt20_ravi_agree_margin_0p031.csv,blend_rn80_gbdt20_ravi_agree,JimLiu anchor updated by blend_rn80_gbdt20 at global margin 0.031 where complete Ravi agrees,2408,0.563011456628478,27,22,5,7,0,7,complete submission from global model/probability rule; no PassengerId labels; no hardcoding,102,160,93,87,5.41,
submission_v124_jimliu_blend_rn90_gbdt10_ravi_agree_margin_0p062.csv,blend_rn90_gbdt10_ravi_agree,JimLiu anchor updated by blend_rn90_gbdt10 at global margin 0.062 where complete Ravi agrees,2389,0.5585690904839841,36,36,0,12,12,0,complete submission from global model/probability rule; no PassengerId labels; no hardcoding,83,179,76,68,5.880000000000001,
submission_v124_jimliu_blend_rn70_gbdt30_ravi_agree_margin_0p055.csv,blend_rn70_gbdt30_ravi_agree,JimLiu anchor updated by blend_rn70_gbdt30 at global margin 0.055 where complete Ravi agrees,2392,0.5592705167173252,35,34,1,11,10,1,complete submission from global model/probability rule; no PassengerId labels; no hardcoding,86,176,81,73,6.07,
submission_v124_jimliu_blend_rn70_gbdt30_ravi_agree_margin_0p037.csv,blend_rn70_gbdt30_ravi_agree,JimLiu anchor updated by blend_rn70_gbdt30 at global margin 0.037 where complete Ravi agrees,2401,0.5613747954173486,32,28,4,8,4,4,complete submission from global model/probability rule; no PassengerId labels; no hardcoding,95,167,86,80,6.640000000000001,
submission_v124_jimliu_rules_norules_avg_ravi_agree_margin_0p062.csv,rules_norules_avg_ravi_agree,JimLiu anchor updated by rules_norules_avg at global margin 0.062 where complete Ravi agrees,2390,0.5588028992284312,35,35,0,11,11,0,complete submission from global model/probability rule; no PassengerId labels; no hardcoding,84,178,77,69,6.75,
submission_v124_jimliu_rules_norules_avg_ravi_agree_margin_0p033.csv,rules_norules_avg_ravi_agree,JimLiu anchor updated by rules_norules_avg at global margin 0.033 where complete Ravi agrees,2407,0.5627776478840308,22,20,2,6,0,6,complete submission from global model/probability rule; no PassengerId labels; no hardcoding,101,161,94,86,6.9,
submission_v124_jimliu_blend_rn80_gbdt20_ravi_agree_margin_0p055.csv,blend_rn80_gbdt20_ravi_agree,JimLiu anchor updated by blend_rn80_gbdt20 at global margin 0.055 where complete Ravi agrees,2393,0.5595043254617723,34,33,1,10,9,1,complete submission from global model/probability rule; no PassengerId labels; no hardcoding,87,175,80,72,6.94,
submission_v124_jimliu_blend_rn80_gbdt20_ravi_agree_margin_0p062.csv,blend_rn80_gbdt20_ravi_agree,JimLiu anchor updated by blend_rn80_gbdt20 at global margin 0.062 where complete Ravi agrees,2388,0.5583352817395371,37,37,0,13,13,0,complete submission from global model/probability rule; no PassengerId labels; no hardcoding,82,180,75,67,7.609999999999999,
submission_v124_jimliu_rules_norules_avg_ravi_agree_margin_0p065.csv,rules_norules_avg_ravi_agree,JimLiu anchor updated by rules_norules_avg at global margin 0.065 where complete Ravi agrees,2388,0.5583352817395371,37,37,0,13,13,0,complete submission from global model/probability rule; no PassengerId labels; no hardcoding,82,180,75,67,7.609999999999999,
submission_v124_jimliu_rules_weighted_60_ravi_agree_margin_0p070.csv,rules_weighted_60_ravi_agree,JimLiu anchor updated by rules_weighted_60 at global margin 0.070 where complete Ravi agrees,2388,0.5583352817395371,37,37,0,13,13,0,complete submission from global model/probability rule; no PassengerId labels; no hardcoding,82,180,77,69,7.609999999999999,
submission_v124_jimliu_blend_rn70_gbdt30_ravi_agree_margin_0p052.csv,blend_rn70_gbdt30_ravi_agree,JimLiu anchor updated by blend_rn70_gbdt30 at global margin 0.052 where complete Ravi agrees,2394,0.5597381342062193,33,32,1,9,8,1,complete submission from global model/probability rule; no PassengerId labels; no hardcoding,88,174,81,73,7.81,
submission_v124_jimliu_blend_rn70_gbdt30_ravi_agree_margin_0p039.csv,blend_rn70_gbdt30_ravi_agree,JimLiu anchor updated by blend_rn70_gbdt30 at global margin 0.039 where complete Ravi agrees,2400,0.5611409866729016,31,28,3,7,4,3,complete submission from global model/probability rule; no PassengerId labels; no hardcoding,94,168,85,79,8.19,
submission_v124_jimliu_rules_weighted_55_ravi_agree_margin_0p037.csv,rules_weighted_55_ravi_agree,JimLiu anchor updated by rules_weighted_55 at global margin 0.037 where complete Ravi agrees,2406,0.5625438391395838,21,20,1,5,0,5,complete submission from global model/probability rule; no PassengerId labels; no hardcoding,100,162,93,85,8.45,
submission_v124_jimliu_norules_weighted_55_ravi_agree_margin_0p058.csv,norules_weighted_55_ravi_agree,JimLiu anchor updated by norules_weighted_55 at global margin 0.058 where complete Ravi agrees,2392,0.5592705167173252,33,33,0,9,9,0,complete submission from global model/probability rule; no PassengerId labels; no hardcoding,86,176,79,71,8.49,
submission_v124_jimliu_rules_weighted_55_ravi_agree_margin_0p062.csv,rules_weighted_55_ravi_agree,JimLiu anchor updated by rules_weighted_55 at global margin 0.062 where complete Ravi agrees,2392,0.5592705167173252,33,33,0,9,9,0,complete submission from global model/probability rule; no PassengerId labels; no hardcoding,86,176,79,71,8.49,
submission_v124_jimliu_norules_weighted_55_ravi_agree_margin_0p033.csv,norules_weighted_55_ravi_agree,JimLiu anchor updated by norules_weighted_55 at global margin 0.033 where complete Ravi agrees,2406,0.5625438391395838,25,22,3,5,0,5,complete submission from global model/probability rule; no PassengerId labels; no hardcoding,100,162,93,85,8.51,
submission_v124_jimliu_blend_rn70_gbdt30_ravi_agree_margin_0p058.csv,blend_rn70_gbdt30_ravi_agree,JimLiu anchor updated by blend_rn70_gbdt30 at global margin 0.058 where complete Ravi agrees,2389,0.5585690904839841,38,37,1,14,13,1,complete submission from global model/probability rule; no PassengerId labels; no hardcoding,83,179,78,70,8.66,
submission_v124_jimliu_rules_weighted_60_ravi_agree_margin_0p055.csv,rules_weighted_60_ravi_agree,JimLiu anchor updated by rules_weighted_60 at global margin 0.055 where complete Ravi agrees,2401,0.5613747954173486,24,24,0,6,3,3,complete submission from global model/probability rule; no PassengerId labels; no hardcoding,95,167,88,80,8.97,
submission_v124_jimliu_norules_weighted_55_ravi_agree_margin_0p062.csv,norules_weighted_55_ravi_agree,JimLiu anchor updated by norules_weighted_55 at global margin 0.062 where complete Ravi agrees,2387,0.55810147299509,38,38,0,14,14,0,complete submission from global model/probability rule; no PassengerId labels; no hardcoding,81,181,74,66,9.340000000000002,
submission_v124_jimliu_rules_norules_avg_ravi_agree_margin_0p058.csv,rules_norules_avg_ravi_agree,JimLiu anchor updated by rules_norules_avg at global margin 0.058 where complete Ravi agrees,2393,0.5595043254617723,32,32,0,8,8,0,complete submission from global model/probability rule; no PassengerId labels; no hardcoding,87,175,80,72,9.36,
submission_v124_jimliu_rules_weighted_60_ravi_agree_margin_0p065.csv,rules_weighted_60_ravi_agree,JimLiu anchor updated by rules_weighted_60 at global margin 0.065 where complete Ravi agrees,2393,0.5595043254617723,32,32,0,8,8,0,complete submission from global model/probability rule; no PassengerId labels; no hardcoding,87,175,80,72,9.36,
submission_v124_jimliu_blend_rn70_gbdt30_ravi_agree_margin_0p046.csv,blend_rn70_gbdt30_ravi_agree,JimLiu anchor updated by blend_rn70_gbdt30 at global margin 0.046 where complete Ravi agrees,2396,0.5602057516951134,31,30,1,7,6,1,complete submission from global model/probability rule; no PassengerId labels; no hardcoding,90,172,83,75,9.55,
submission_v124_jimliu_rules_norules_avg_ravi_agree_margin_0p037.csv,rules_norules_avg_ravi_agree,JimLiu anchor updated by rules_norules_avg at global margin 0.037 where complete Ravi agrees,2405,0.5623100303951368,22,21,1,4,0,4,complete submission from global model/probability rule; no PassengerId labels; no hardcoding,99,163,92,84,10.03,
submission_v124_jimliu_norules_weighted_55_ravi_agree_margin_0p052.csv,norules_weighted_55_ravi_agree,JimLiu anchor updated by norules_weighted_55 at global margin 0.052 where complete Ravi agrees,2394,0.5597381342062193,31,31,0,7,7,0,complete submission from global model/probability rule; no PassengerId labels; no hardcoding,88,174,81,73,10.23,
submission_v124_jimliu_rules_weighted_60_ravi_agree_margin_0p062.csv,rules_weighted_60_ravi_agree,JimLiu anchor updated by rules_weighted_60 at global margin 0.062 where complete Ravi agrees,2394,0.5597381342062193,31,31,0,7,7,0,complete submission from global model/probability rule; no PassengerId labels; no hardcoding,88,174,81,73,10.23,
submission_v124_jimliu_blend_rn70_gbdt30_ravi_agree_margin_0p042.csv,blend_rn70_gbdt30_ravi_agree,JimLiu anchor updated by blend_rn70_gbdt30 at global margin 0.042 where complete Ravi agrees,2397,0.5604395604395604,30,29,1,6,5,1,complete submission from global model/probability rule; no PassengerId labels; no hardcoding,91,171,84,76,10.42,
submission_v124_jimliu_rules_weighted_60_ravi_agree_margin_0p058.csv,rules_weighted_60_ravi_agree,JimLiu anchor updated by rules_weighted_60 at global margin 0.058 where complete Ravi agrees,2400,0.5611409866729016,25,25,0,5,3,2,complete submission from global model/probability rule; no PassengerId labels; no hardcoding,94,168,87,79,10.55,
submission_v124_jimliu_rules_weighted_60_ravi_agree_margin_0p052.csv,rules_weighted_60_ravi_agree,JimLiu anchor updated by rules_weighted_60 at global margin 0.052 where complete Ravi agrees,2403,0.5618424129062427,22,22,0,4,1,3,complete submission from global model/probability rule; no PassengerId labels; no hardcoding,97,165,90,82,10.71,
submission_v124_jimliu_blend_rn80_gbdt20_ravi_agree_margin_0p033.csv,blend_rn80_gbdt20_ravi_agree,JimLiu anchor updated by blend_rn80_gbdt20 at global margin 0.033 where complete Ravi agrees,2403,0.5618424129062427,28,25,3,4,1,3,complete submission from global model/probability rule; no PassengerId labels; no hardcoding,97,165,90,82,10.8,
submission_v124_jimliu_rules_weighted_55_ravi_agree_margin_0p070.csv,rules_weighted_55_ravi_agree,JimLiu anchor updated by rules_weighted_55 at global margin 0.070 where complete Ravi agrees,2386,0.5578676642506429,39,39,0,15,15,0,complete submission from global model/probability rule; no PassengerId labels; no hardcoding,80,182,75,67,11.07,
submission_v124_jimliu_blend_rn90_gbdt10_ravi_agree_margin_0p052.csv,blend_rn90_gbdt10_ravi_agree,JimLiu anchor updated by blend_rn90_gbdt10 at global margin 0.052 where complete Ravi agrees,2395,0.5599719429506663,30,30,0,6,6,0,complete submission from global model/probability rule; no PassengerId labels; no hardcoding,89,173,82,74,11.1,
submission_v124_jimliu_rules_norules_avg_ravi_agree_margin_0p055.csv,rules_norules_avg_ravi_agree,JimLiu anchor updated by rules_norules_avg at global margin 0.055 where complete Ravi agrees,2395,0.5599719429506663,30,30,0,6,6,0,complete submission from global model/probability rule; no PassengerId labels; no hardcoding,89,173,82,74,11.1,
submission_v124_jimliu_blend_rn80_gbdt20_ravi_agree_margin_0p044.csv,blend_rn80_gbdt20_ravi_agree,JimLiu anchor updated by blend_rn80_gbdt20 at global margin 0.044 where complete Ravi agrees,2398,0.5606733691840075,29,28,1,5,4,1,complete submission from global model/probability rule; no PassengerId labels; no hardcoding,92,170,85,77,11.29,
submission_v124_jimliu_blend_rn80_gbdt20_ravi_agree_margin_0p037.csv,blend_rn80_gbdt20_ravi_agree,JimLiu anchor updated by blend_rn80_gbdt20 at global margin 0.037 where complete Ravi agrees,2401,0.5613747954173486,28,26,2,4,2,2,complete submission from global model/probability rule; no PassengerId labels; no hardcoding,95,167,88,80,11.48,
submission_v124_jimliu_rules_weighted_55_ravi_agree_margin_0p042.csv,rules_weighted_55_ravi_agree,JimLiu anchor updated by rules_weighted_55 at global margin 0.042 where complete Ravi agrees,2404,0.5620762216506897,21,21,0,3,0,3,complete submission from global model/probability rule; no PassengerId labels; no hardcoding,98,164,91,83,11.580000000000002,
submission_v124_jimliu_blend_rn90_gbdt10_ravi_agree_margin_0p037.csv,blend_rn90_gbdt10_ravi_agree,JimLiu anchor updated by blend_rn90_gbdt10 at global margin 0.037 where complete Ravi agrees,2404,0.5620762216506897,25,23,2,3,0,3,complete submission from global model/probability rule; no PassengerId labels; no hardcoding,98,164,91,83,11.64,
submission_v124_jimliu_rules_weighted_55_ravi_agree_margin_0p055.csv,rules_weighted_55_ravi_agree,JimLiu anchor updated by rules_weighted_55 at global margin 0.055 where complete Ravi agrees,2396,0.5602057516951134,29,29,0,5,5,0,complete submission from global model/probability rule; no PassengerId labels; no hardcoding,90,172,83,75,11.97,
submission_v124_jimliu_norules_weighted_55_ravi_agree_margin_0p046.csv,norules_weighted_55_ravi_agree,JimLiu anchor updated by norules_weighted_55 at global margin 0.046 where complete Ravi agrees,2399,0.5609071779284546,28,27,1,4,3,1,complete submission from global model/probability rule; no PassengerId labels; no hardcoding,93,169,86,78,12.160000000000002,
submission_v124_jimliu_norules_weighted_55_ravi_agree_margin_0p039.csv,norules_weighted_55_ravi_agree,JimLiu anchor updated by norules_weighted_55 at global margin 0.039 where complete Ravi agrees,2402,0.5616086041617957,27,25,2,3,1,2,complete submission from global model/probability rule; no PassengerId labels; no hardcoding,96,166,89,81,12.35,
submission_v124_jimliu_blend_rn90_gbdt10_ravi_agree_margin_0p065.csv,blend_rn90_gbdt10_ravi_agree,JimLiu anchor updated by blend_rn90_gbdt10 at global margin 0.065 where complete Ravi agrees,2385,0.5576338555061959,40,40,0,16,16,0,complete submission from global model/probability rule; no PassengerId labels; no hardcoding,79,183,72,64,12.8,
submission_v124_jimliu_rules_weighted_60_ravi_agree_margin_0p075.csv,rules_weighted_60_ravi_agree,JimLiu anchor updated by rules_weighted_60 at global margin 0.075 where complete Ravi agrees,2385,0.5576338555061959,40,40,0,16,16,0,complete submission from global model/probability rule; no PassengerId labels; no hardcoding,79,183,74,66,12.8,
submission_v124_jimliu_rules_norules_avg_ravi_agree_margin_0p052.csv,rules_norules_avg_ravi_agree,JimLiu anchor updated by rules_norules_avg at global margin 0.052 where complete Ravi agrees,2397,0.5604395604395604,28,28,0,4,4,0,complete submission from global model/probability rule; no PassengerId labels; no hardcoding,91,171,84,76,12.84,
submission_v124_jimliu_norules_weighted_55_ravi_agree_margin_0p042.csv,norules_weighted_55_ravi_agree,JimLiu anchor updated by norules_weighted_55 at global margin 0.042 where complete Ravi agrees,2400,0.5611409866729016,27,26,1,3,2,1,complete submission from global model/probability rule; no PassengerId labels; no hardcoding,94,168,87,79,13.03,
submission_v124_jimliu_rules_norules_avg_ravi_agree_margin_0p042.csv,rules_norules_avg_ravi_agree,JimLiu anchor updated by rules_norules_avg at global margin 0.042 where complete Ravi agrees,2403,0.5618424129062427,22,22,0,2,0,2,complete submission from global model/probability rule; no PassengerId labels; no hardcoding,97,165,90,82,13.16,
submission_v124_jimliu_norules_weighted_55_ravi_agree_margin_0p037.csv,norules_weighted_55_ravi_agree,JimLiu anchor updated by norules_weighted_55 at global margin 0.037 where complete Ravi agrees,2403,0.5618424129062427,26,24,2,2,0,2,complete submission from global model/probability rule; no PassengerId labels; no hardcoding,97,165,90,82,13.22,
submission_v124_jimliu_norules_weighted_55_ravi_agree_margin_0p048.csv,norules_weighted_55_ravi_agree,JimLiu anchor updated by norules_weighted_55 at global margin 0.048 where complete Ravi agrees,2398,0.5606733691840075,27,27,0,3,3,0,complete submission from global model/probability rule; no PassengerId labels; no hardcoding,92,170,85,77,13.710000000000004,
submission_v124_jimliu_blend_rn70_gbdt30_ravi_agree_margin_0p062.csv,blend_rn70_gbdt30_ravi_agree,JimLiu anchor updated by blend_rn70_gbdt30 at global margin 0.062 where complete Ravi agrees,2386,0.5578676642506429,41,40,1,17,16,1,complete submission from global model/probability rule; no PassengerId labels; no hardcoding,80,182,75,67,13.85,
submission_v124_jimliu_blend_rn90_gbdt10_ravi_agree_margin_0p039.csv,blend_rn90_gbdt10_ravi_agree,JimLiu anchor updated by blend_rn90_gbdt10 at global margin 0.039 where complete Ravi agrees,2401,0.5613747954173486,26,25,1,2,1,1,complete submission from global model/probability rule; no PassengerId labels; no hardcoding,95,167,88,80,13.9,
submission_v124_jimliu_blend_rn80_gbdt20_ravi_agree_margin_0p065.csv,blend_rn80_gbdt20_ravi_agree,JimLiu anchor updated by blend_rn80_gbdt20 at global margin 0.065 where complete Ravi agrees,2384,0.5574000467617489,41,41,0,17,17,0,complete submission from global model/probability rule; no PassengerId labels; no hardcoding,78,184,71,63,14.53,
submission_v124_jimliu_rules_norules_avg_ravi_agree_margin_0p070.csv,rules_norules_avg_ravi_agree,JimLiu anchor updated by rules_norules_avg at global margin 0.070 where complete Ravi agrees,2384,0.5574000467617489,41,41,0,17,17,0,complete submission from global model/probability rule; no PassengerId labels; no hardcoding,78,184,73,65,14.53,
submission_v124_jimliu_rules_norules_avg_ravi_agree_margin_0p048.csv,rules_norules_avg_ravi_agree,JimLiu anchor updated by rules_norules_avg at global margin 0.048 where complete Ravi agrees,2399,0.5609071779284546,26,26,0,2,2,0,complete submission from global model/probability rule; no PassengerId labels; no hardcoding,93,169,86,78,14.58,
submission_v124_jimliu_blend_rn70_gbdt30_ravi_agree_margin_0p065.csv,blend_rn70_gbdt30_ravi_agree,JimLiu anchor updated by blend_rn70_gbdt30 at global margin 0.065 where complete Ravi agrees,2385,0.5576338555061959,42,41,1,18,17,1,complete submission from global model/probability rule; no PassengerId labels; no hardcoding,79,183,74,66,15.580000000000002,
submission_v124_jimliu_blend_rn90_gbdt10_ravi_agree_margin_0p070.csv,blend_rn90_gbdt10_ravi_agree,JimLiu anchor updated by blend_rn90_gbdt10 at global margin 0.070 where complete Ravi agrees,2383,0.5571662380173018,42,42,0,18,18,0,complete submission from global model/probability rule; no PassengerId labels; no hardcoding,77,185,72,64,16.26,
submission_v124_jimliu_rules_weighted_55_ravi_agree_margin_0p075.csv,rules_weighted_55_ravi_agree,JimLiu anchor updated by rules_weighted_55 at global margin 0.075 where complete Ravi agrees,2383,0.5571662380173018,42,42,0,18,18,0,complete submission from global model/probability rule; no PassengerId labels; no hardcoding,77,185,72,64,16.26,
submission_v124_jimliu_norules_weighted_55_ravi_agree_margin_0p070.csv,norules_weighted_55_ravi_agree,JimLiu anchor updated by norules_weighted_55 at global margin 0.070 where complete Ravi agrees,2382,0.5569324292728548,43,43,0,19,19,0,complete submission from global model/probability rule; no PassengerId labels; no hardcoding,76,186,71,63,17.99,
submission_v124_jimliu_blend_rn80_gbdt20_ravi_agree_margin_0p070.csv,blend_rn80_gbdt20_ravi_agree,JimLiu anchor updated by blend_rn80_gbdt20 at global margin 0.070 where complete Ravi agrees,2381,0.5566986205284078,44,44,0,20,20,0,complete submission from global model/probability rule; no PassengerId labels; no hardcoding,75,187,72,64,19.72,
submission_v124_jimliu_rules_norules_avg_ravi_agree_margin_0p075.csv,rules_norules_avg_ravi_agree,JimLiu anchor updated by rules_norules_avg at global margin 0.075 where complete Ravi agrees,2381,0.5566986205284078,44,44,0,20,20,0,complete submission from global model/probability rule; no PassengerId labels; no hardcoding,75,187,70,62,19.72,
submission_v124_jimliu_rules_weighted_60_ravi_agree_margin_0p080.csv,rules_weighted_60_ravi_agree,JimLiu anchor updated by rules_weighted_60 at global margin 0.080 where complete Ravi agrees,2381,0.5566986205284078,44,44,0,20,20,0,complete submission from global model/probability rule; no PassengerId labels; no hardcoding,75,187,70,62,19.72,
submission_v124_jimliu_gbdt_avg_ravi_agree_margin_0p029.csv,gbdt_avg_ravi_agree,JimLiu anchor updated by gbdt_avg at global margin 0.029 where complete Ravi agrees,2405,0.5623100303951368,50,35,15,26,11,15,complete submission from global model/probability rule; no PassengerId labels; no hardcoding,99,163,90,86,19.9,
submission_v124_jimliu_gbdt_avg_ravi_agree_margin_0p027.csv,gbdt_avg_ravi_agree,JimLiu anchor updated by gbdt_avg at global margin 0.027 where complete Ravi agrees,2408,0.563011456628478,51,34,17,27,10,17,complete submission from global model/probability rule; no PassengerId labels; no hardcoding,102,160,93,89,20.27,
submission_v124_jimliu_gbdt_avg_ravi_agree_margin_0p039.csv,gbdt_avg_ravi_agree,JimLiu anchor updated by gbdt_avg at global margin 0.039 where complete Ravi agrees,2403,0.5618424129062427,50,36,14,26,12,14,complete submission from global model/probability rule; no PassengerId labels; no hardcoding,97,165,88,84,20.58,
submission_v124_jimliu_gbdt_avg_ravi_agree_margin_0p026.csv,gbdt_avg_ravi_agree,JimLiu anchor updated by gbdt_avg at global margin 0.026 where complete Ravi agrees,2409,0.563245265372925,52,34,18,28,10,18,complete submission from global model/probability rule; no PassengerId labels; no hardcoding,103,159,94,90,21.32,
submission_v124_jimliu_gbdt_avg_ravi_agree_margin_0p037.csv,gbdt_avg_ravi_agree,JimLiu anchor updated by gbdt_avg at global margin 0.037 where complete Ravi agrees,2404,0.5620762216506897,51,36,15,27,12,15,complete submission from global model/probability rule; no PassengerId labels; no hardcoding,98,164,89,85,21.630000000000003,
submission_v124_jimliu_norules_weighted_55_ravi_agree_margin_0p075.csv,norules_weighted_55_ravi_agree,JimLiu anchor updated by norules_weighted_55 at global margin 0.075 where complete Ravi agrees,2379,0.5562310030395137,46,46,0,22,22,0,complete submission from global model/probability rule; no PassengerId labels; no hardcoding,73,189,70,62,23.18,
submission_v124_jimliu_rules_weighted_55_ravi_agree_margin_0p080.csv,rules_weighted_55_ravi_agree,JimLiu anchor updated by rules_weighted_55 at global margin 0.080 where complete Ravi agrees,2379,0.5562310030395137,46,46,0,22,22,0,complete submission from global model/probability rule; no PassengerId labels; no hardcoding,73,189,68,60,23.18,
submission_v124_jimliu_gbdt_avg_ravi_agree_margin_0p042.csv,gbdt_avg_ravi_agree,JimLiu anchor updated by gbdt_avg at global margin 0.042 where complete Ravi agrees,2398,0.5606733691840075,51,39,12,27,15,12,complete submission from global model/probability rule; no PassengerId labels; no hardcoding,92,170,83,79,23.67,
submission_v124_jimliu_blend_rn80_gbdt20_ravi_agree_margin_0p075.csv,blend_rn80_gbdt20_ravi_agree,JimLiu anchor updated by blend_rn80_gbdt20 at global margin 0.075 where complete Ravi agrees,2378,0.5559971942950667,47,47,0,23,23,0,complete submission from global model/probability rule; no PassengerId labels; no hardcoding,72,190,71,63,24.91,
submission_v124_jimliu_rules_norules_avg_ravi_agree_margin_0p080.csv,rules_norules_avg_ravi_agree,JimLiu anchor updated by rules_norules_avg at global margin 0.080 where complete Ravi agrees,2377,0.5557633855506195,48,48,0,24,24,0,complete submission from global model/probability rule; no PassengerId labels; no hardcoding,71,191,68,60,26.640000000000004,
submission_v124_jimliu_tree_all_avg_ravi_agree_margin_0p027.csv,tree_all_avg_ravi_agree,JimLiu anchor updated by tree_all_avg at global margin 0.027 where complete Ravi agrees,2401,0.5613747954173486,50,37,13,30,15,15,complete submission from global model/probability rule; no PassengerId labels; no hardcoding,95,167,86,82,26.76,
submission_v124_jimliu_gbdt_avg_ravi_agree_margin_0p044.csv,gbdt_avg_ravi_agree,JimLiu anchor updated by gbdt_avg at global margin 0.044 where complete Ravi agrees,2396,0.5602057516951134,53,41,12,29,17,12,complete submission from global model/probability rule; no PassengerId labels; no hardcoding,90,172,83,79,27.130000000000003,
submission_v124_jimliu_blend_rn70_gbdt30_ravi_agree_margin_0p070.csv,blend_rn70_gbdt30_ravi_agree,JimLiu anchor updated by blend_rn70_gbdt30 at global margin 0.070 where complete Ravi agrees,2378,0.5559971942950667,49,48,1,25,24,1,complete submission from global model/probability rule; no PassengerId labels; no hardcoding,72,190,71,63,27.690000000000005,
submission_v124_jimliu_tree_all_avg_ravi_agree_margin_0p026.csv,tree_all_avg_ravi_agree,JimLiu anchor updated by tree_all_avg at global margin 0.026 where complete Ravi agrees,2402,0.5616086041617957,51,37,14,31,15,16,complete submission from global model/probability rule; no PassengerId labels; no hardcoding,96,166,87,83,27.81,
submission_v124_jimliu_tree_all_avg_ravi_agree_margin_0p037.csv,tree_all_avg_ravi_agree,JimLiu anchor updated by tree_all_avg at global margin 0.037 where complete Ravi agrees,2394,0.5597381342062193,53,42,11,29,18,11,complete submission from global model/probability rule; no PassengerId labels; no hardcoding,88,174,79,75,27.81,
submission_v124_jimliu_blend_rn70_gbdt30_ravi_agree_margin_0p075.csv,blend_rn70_gbdt30_ravi_agree,JimLiu anchor updated by blend_rn70_gbdt30 at global margin 0.075 where complete Ravi agrees,2376,0.5555295768061725,49,49,0,25,25,0,complete submission from global model/probability rule; no PassengerId labels; no hardcoding,70,192,69,61,28.37,
submission_v124_jimliu_tree_all_avg_ravi_agree_margin_0p029.csv,tree_all_avg_ravi_agree,JimLiu anchor updated by tree_all_avg at global margin 0.029 where complete Ravi agrees,2400,0.5611409866729016,51,38,13,31,16,15,complete submission from global model/probability rule; no PassengerId labels; no hardcoding,94,168,85,81,28.49,
submission_v124_jimliu_gbdt_avg_ravi_agree_margin_0p046.csv,gbdt_avg_ravi_agree,JimLiu anchor updated by gbdt_avg at global margin 0.046 where complete Ravi agrees,2394,0.5597381342062193,55,43,12,31,19,12,complete submission from global model/probability rule; no PassengerId labels; no hardcoding,88,174,81,77,30.59,
submission_v124_jimliu_tree_all_avg_ravi_agree_margin_0p031.csv,tree_all_avg_ravi_agree,JimLiu anchor updated by tree_all_avg at global margin 0.031 where complete Ravi agrees,2397,0.5604395604395604,54,41,13,32,18,14,complete submission from global model/probability rule; no PassengerId labels; no hardcoding,91,171,82,78,30.93,
submission_v124_jimliu_blend_rn80_gbdt20_ravi_agree_margin_0p080.csv,blend_rn80_gbdt20_ravi_agree,JimLiu anchor updated by blend_rn80_gbdt20 at global margin 0.080 where complete Ravi agrees,2374,0.5550619593172784,51,51,0,27,27,0,complete submission from global model/probability rule; no PassengerId labels; no hardcoding,68,194,67,59,31.83,
submission_v124_jimliu_tree_all_avg_ravi_agree_margin_0p039.csv,tree_all_avg_ravi_agree,JimLiu anchor updated by tree_all_avg at global margin 0.039 where complete Ravi agrees,2390,0.5588028992284312,55,45,10,31,21,10,complete submission from global model/probability rule; no PassengerId labels; no hardcoding,84,178,77,73,31.950000000000003,
submission_v124_jimliu_gbdt_avg_ravi_agree_margin_0p052.csv,gbdt_avg_ravi_agree,JimLiu anchor updated by gbdt_avg at global margin 0.052 where complete Ravi agrees,2391,0.5590367079728782,56,45,11,32,21,11,complete submission from global model/probability rule; no PassengerId labels; no hardcoding,85,177,78,74,33.0,
submission_v124_jimliu_rules_norules_avg_ravi_agree_margin_0p090.csv,rules_norules_avg_ravi_agree,JimLiu anchor updated by rules_norules_avg at global margin 0.090 where complete Ravi agrees,2373,0.5548281505728314,52,52,0,28,28,0,complete submission from global model/probability rule; no PassengerId labels; no hardcoding,67,195,64,56,33.56,
submission_v124_jimliu_norules_weighted_55_ravi_agree_margin_0p090.csv,norules_weighted_55_ravi_agree,JimLiu anchor updated by norules_weighted_55 at global margin 0.090 where complete Ravi agrees,2372,0.5545943418283844,53,53,0,29,29,0,complete submission from global model/probability rule; no PassengerId labels; no hardcoding,66,196,63,55,35.290000000000006,
submission_v124_jimliu_tree_all_avg_ravi_agree_margin_0p042.csv,tree_all_avg_ravi_agree,JimLiu anchor updated by tree_all_avg at global margin 0.042 where complete Ravi agrees,2388,0.5583352817395371,57,47,10,33,23,10,complete submission from global model/probability rule; no PassengerId labels; no hardcoding,82,180,75,71,35.41,
submission_v124_jimliu_gbdt_avg_ravi_agree_margin_0p055.csv,gbdt_avg_ravi_agree,JimLiu anchor updated by gbdt_avg at global margin 0.055 where complete Ravi agrees,2389,0.5585690904839841,58,47,11,34,23,11,complete submission from global model/probability rule; no PassengerId labels; no hardcoding,83,179,78,74,36.46,
submission_v124_jimliu_tree_all_avg_ravi_agree_margin_0p046.csv,tree_all_avg_ravi_agree,JimLiu anchor updated by tree_all_avg at global margin 0.046 where complete Ravi agrees,2387,0.55810147299509,58,48,10,34,24,10,complete submission from global model/probability rule; no PassengerId labels; no hardcoding,81,181,74,70,37.14,
submission_v124_jimliu_blend_rn70_gbdt30_ravi_agree_margin_0p080.csv,blend_rn70_gbdt30_ravi_agree,JimLiu anchor updated by blend_rn70_gbdt30 at global margin 0.080 where complete Ravi agrees,2370,0.5541267243394903,55,55,0,31,31,0,complete submission from global model/probability rule; no PassengerId labels; no hardcoding,64,198,63,55,38.75,
submission_v124_jimliu_gbdt_avg_ravi_agree_margin_0p062.csv,gbdt_avg_ravi_agree,JimLiu anchor updated by gbdt_avg at global margin 0.062 where complete Ravi agrees,2387,0.55810147299509,60,49,11,36,25,11,complete submission from global model/probability rule; no PassengerId labels; no hardcoding,81,181,76,72,39.92,
submission_v124_jimliu_blend_rn70_gbdt30_ravi_agree_margin_0p090.csv,blend_rn70_gbdt30_ravi_agree,JimLiu anchor updated by blend_rn70_gbdt30 at global margin 0.090 where complete Ravi agrees,2369,0.5538929155950433,56,56,0,32,32,0,complete submission from global model/probability rule; no PassengerId labels; no hardcoding,63,199,62,54,40.48,
submission_v124_jimliu_blend_rn90_gbdt10_ravi_agree_margin_0p090.csv,blend_rn90_gbdt10_ravi_agree,JimLiu anchor updated by blend_rn90_gbdt10 at global margin 0.090 where complete Ravi agrees,2369,0.5538929155950433,56,56,0,32,32,0,complete submission from global model/probability rule; no PassengerId labels; no hardcoding,63,199,62,54,40.48,
submission_v124_jimliu_gbdt_avg_ravi_agree_margin_0p065.csv,gbdt_avg_ravi_agree,JimLiu anchor updated by gbdt_avg at global margin 0.065 where complete Ravi agrees,2385,0.5576338555061959,60,50,10,36,26,10,complete submission from global model/probability rule; no PassengerId labels; no hardcoding,79,183,74,70,40.6,
submission_v124_jimliu_tree_all_avg_ravi_agree_margin_0p048.csv,tree_all_avg_ravi_agree,JimLiu anchor updated by tree_all_avg at global margin 0.048 where complete Ravi agrees,2385,0.5576338555061959,60,50,10,36,26,10,complete submission from global model/probability rule; no PassengerId labels; no hardcoding,79,183,72,68,40.6,
submission_v124_jimliu_blend_rn80_gbdt20_ravi_agree_margin_0p090.csv,blend_rn80_gbdt20_ravi_agree,JimLiu anchor updated by blend_rn80_gbdt20 at global margin 0.090 where complete Ravi agrees,2368,0.5536591068505962,57,57,0,33,33,0,complete submission from global model/probability rule; no PassengerId labels; no hardcoding,62,200,61,53,42.21,
submission_v124_jimliu_tree_all_avg_ravi_agree_margin_0p052.csv,tree_all_avg_ravi_agree,JimLiu anchor updated by tree_all_avg at global margin 0.052 where complete Ravi agrees,2384,0.5574000467617489,61,51,10,37,27,10,complete submission from global model/probability rule; no PassengerId labels; no hardcoding,78,184,73,69,42.33,
submission_v124_jimliu_gbdt_avg_ravi_agree_margin_0p070.csv,gbdt_avg_ravi_agree,JimLiu anchor updated by gbdt_avg at global margin 0.070 where complete Ravi agrees,2382,0.5569324292728548,63,53,10,39,29,10,complete submission from global model/probability rule; no PassengerId labels; no hardcoding,76,186,71,67,45.790000000000006,
submission_v124_jimliu_tree_all_avg_ravi_agree_margin_0p058.csv,tree_all_avg_ravi_agree,JimLiu anchor updated by tree_all_avg at global margin 0.058 where complete Ravi agrees,2382,0.5569324292728548,63,53,10,39,29,10,complete submission from global model/probability rule; no PassengerId labels; no hardcoding,76,186,73,69,45.790000000000006,
submission_v124_jimliu_gbdt_avg_ravi_agree_margin_0p075.csv,gbdt_avg_ravi_agree,JimLiu anchor updated by gbdt_avg at global margin 0.075 where complete Ravi agrees,2380,0.5564648117839607,65,55,10,41,31,10,complete submission from global model/probability rule; no PassengerId labels; no hardcoding,74,188,71,67,49.25,
submission_v124_jimliu_tree_all_avg_ravi_agree_margin_0p062.csv,tree_all_avg_ravi_agree,JimLiu anchor updated by tree_all_avg at global margin 0.062 where complete Ravi agrees,2380,0.5564648117839607,65,55,10,41,31,10,complete submission from global model/probability rule; no PassengerId labels; no hardcoding,74,188,71,67,49.25,
submission_v124_jimliu_gbdt_avg_ravi_agree_margin_0p080.csv,gbdt_avg_ravi_agree,JimLiu anchor updated by gbdt_avg at global margin 0.080 where complete Ravi agrees,2376,0.5555295768061725,67,58,9,43,34,9,complete submission from global model/probability rule; no PassengerId labels; no hardcoding,70,192,67,63,53.39000000000001,
submission_v124_jimliu_gbdt_avg_ravi_agree_margin_0p090.csv,gbdt_avg_ravi_agree,JimLiu anchor updated by gbdt_avg at global margin 0.090 where complete Ravi agrees,2373,0.5548281505728314,68,60,8,44,36,8,complete submission from global model/probability rule; no PassengerId labels; no hardcoding,67,195,64,60,55.8,
submission_v124_jimliu_tree_all_avg_ravi_agree_margin_0p075.csv,tree_all_avg_ravi_agree,JimLiu anchor updated by tree_all_avg at global margin 0.075 where complete Ravi agrees,2373,0.5548281505728314,68,60,8,44,36,8,complete submission from global model/probability rule; no PassengerId labels; no hardcoding,67,195,64,60,55.8,
submission_v124_jimliu_tree_all_avg_ravi_agree_margin_0p070.csv,tree_all_avg_ravi_agree,JimLiu anchor updated by tree_all_avg at global margin 0.070 where complete Ravi agrees,2374,0.5550619593172784,69,60,9,45,36,9,complete submission from global model/probability rule; no PassengerId labels; no hardcoding,68,194,65,61,56.85,
submission_v124_jimliu_tree_all_avg_ravi_agree_margin_0p080.csv,tree_all_avg_ravi_agree,JimLiu anchor updated by tree_all_avg at global margin 0.080 where complete Ravi agrees,2370,0.5541267243394903,71,63,8,47,39,8,complete submission from global model/probability rule; no PassengerId labels; no hardcoding,64,198,61,57,60.99,
submission_v124_jimliu_tree_all_avg_ravi_agree_margin_0p090.csv,tree_all_avg_ravi_agree,JimLiu anchor updated by tree_all_avg at global margin 0.090 where complete Ravi agrees,2362,0.552256254383914,75,69,6,51,45,6,complete submission from global model/probability rule; no PassengerId labels; no hardcoding,56,206,57,53,69.27,
